{
  "emojis": [
    {
      "id": 1,
      "image": "/emoji/boy0.png",
      "title": "boy0"
    },
    {
      "id": 2,
      "image": "/emoji/girl0.png",
      "title": "girl0"
    },
    {
      "id": 3,
      "image": "/emoji/boy1.png",
      "title": "boy1"
    },
    {
      "id": 4,
      "image": "/emoji/girl1.png",
      "title": "girl1"
    },
    {
      "id": 5,
      "image": "/emoji/boy2.png",
      "title": "boy2"
    },
    {
      "id": 6,
      "image": "/emoji/girl2.png",
      "title": "girl2"
    },
    {
      "id": 7,
      "image": "/emoji/tom.png",
      "title": "tom"
    },
    {
      "id": 8,
      "image": "/emoji/jerry.png ",
      "title": "jerry"
    },
    {
      "id": 9,
      "image": "/emoji/angry bird boy.png",
      "title": "angry bird boy"
    },
    {
      "id": 10,
      "image": "/emoji/angry bird girl.png",
      "title": "angry bird girl"
    },
    {
      "id": 11,
      "image": "/emoji/boy3.png",
      "title": "boy3"
    },

    {
      "id": 12,
      "image": "/emoji/girl3.png",
      "title": "girl3"
    },
    {
      "id": 13,
      "image": "/emoji/boy5.png",
      "title": "boy5"
    },
    {
      "id": 14,
      "image": "/emoji/girl5.png",
      "title": "girl5"
    },
    {
      "id": 15,
      "image": "/emoji/baby boss.png",
      "title": "baby boss"
    },
    {
      "id": 16,
      "image": "/emoji/masha2.png",
      "title": "masha2"
    },
    {
      "id": 17,
      "image": "/emoji/mig mig 2.png",
      "title": "mig mig 2"
    },
    {
      "id": 18,
      "image": "/emoji/mig mig 1.png",
      "title": "mig mig 1"
    },
    {
      "id": 19,
      "image": "/emoji/boy4.png ",
      "title": "boy4"
    },
    {
      "id": 20,
      "image": "/emoji/girl4.png",
      "title": "girl4"
    },
    {
      "id": 21,
      "image": "/emoji/pawpatrol1.png",
      "title": "pawpatrol1"
    },
    {
      "id": 22,
      "image": "/emoji/pawpatrol2.png",
      "title": "pawpatrol2"
    },
    {
      "id": 23,
      "image": "/emoji/sunny bunnies 1.png",
      "title": "sunny bunnies 1"
    },
    {
      "id": 24,
      "image": "/emoji/sunny bunnies.png",
      "title": "sunny bunnies"
    },
    {
      "id": 25,
      "image": "/emoji/patmat2.png",
      "title": "patmat2"
    },
    {
      "id": 26,
      "image": "/emoji/patmat1.png",
      "title": "patmat1"
    },
    {
      "id": 27,
      "image": "/emoji/BobSponge1.png",
      "title": "BobSponge1"
    },
    {
      "id": 28,
      "image": "/emoji/BobSponge2.png",
      "title": "BobSponge2"
    },
    {
      "id": 29,
      "image": "/emoji/Frozen1.png",
      "title": "Frozen1"
    },
    {
      "id": 30,
      "image": "/emoji/Frozen2.png",
      "title": "Frozen2"
    },
    {
      "id": 31,
      "image": "/emoji/Minion1.png",
      "title": "Minion1"
    },
    {
      "id": 32,
      "image": "/emoji/Minion2.png",
      "title": "Minion2"
    },
    {
      "id": 33,
      "image": "/emoji/Monster1.png",
      "title": "Monster1"
    },
    {
      "id": 34,
      "image": "/emoji/Monster2.png",
      "title": "Monster2"
    },
    {
      "id": 35,
      "image": "/emoji/Shrek1.png",
      "title": "Shrek1"
    },
    {
      "id": 36,
      "image": "/emoji/Shrek2.png",
      "title": "Shrek2"
    },
    {
      "id": 37,
      "image": "/emoji/Kafshdoozaki2.png",
      "title": "Kafshdoozaki2"
    },
    {
      "id": 38,
      "image": "/emoji/Kafshdoozaki1.png",
      "title": "Kafshdoozaki1"
    },
    {
      "id": 39,
      "image": "/emoji/Toystory1.png",
      "title": "Toystory1"
    },
    {
      "id": 40,
      "image": "/emoji/Toystory2.png",
      "title": "Toystory2"
    },
    {
      "id": 41,
      "image": "/emoji/Nemo2.png",
      "title": "Nemo2"
    },
    {
      "id": 42,
      "image": "/emoji/Nemo1.png",
      "title": "Nemo1"
    }
  ]
}