{
  "Characters": [
    {
      "id": 1,
      "image": "/gif/Angry-Bird.gif",
      "title": "Angry-Bird",
      "link": ""
    },
    {
      "id": 2,
      "image": "/gif/BabyBos.gif",
      "title": "BabyBos",
      "link": ""
    },
    {
      "id": 3,
      "image": "/gif/ladybug.gif",
      "title": "ladybug",
      "link": ""
    },
    {
      "id": 4,
      "image": "/gif/masha6.gif",
      "title": "masha6",
      "link": ""
    },
    {
      "id": 5,
      "image": "/gif/gif micky new.gif",
      "title": "mickeymouse",
      "link": ""
    },
    {
      "id": 6,
      "image": "/gif/mig-mig.gif",
      "title": "mig-mig",
      "link": ""
    },
    {
      "id": 8,
      "image": "/gif/pat&mat.gif",
      "title": "pat&mat",
      "link": ""
    },
    {
      "id": 9,
      "image": "/gif/paw patrol.gif",
      "title": "paw patrol",
      "link": ""
    },
    {
      "id": 10,
      "image": "/gif/pink panther.gif",
      "title": "pink panther",
      "link": ""
    },
    {
      "id": 11,
      "image": "/gif/spongebob.gif",
      "title": "spongebob",
      "link": ""

    },

    {
      "id": 12,
      "image": "/gif/sunnybunny.gif",
      "title": "sunnybunny",
      "link": ""
    },
    {
      "id": 13,
      "image": "/gif/tomjerry.gif",
      "title": "tomjerry",
      "link": ""
    },
    {
      "id": 1020,
      "image": "/gif/spongebob.gif",
      "title": "spongebob",
      "link": "dl13.mp4.ir/video/live/kids/1020/m3u8/1020.m3u8"
    }
  ]
}